Player,Tm,Opp,Res,MP,FG,FGA,FG%,3P,3PA,3P%,FT,FTA,FT%,ORB,DRB,TRB,AST,STL,BLK,TOV,PF,PTS,GmSc,Data
Kentavious Caldwell-Pope,ORL,DEN,L,26.57,2,6,0.333,1,3,0.333,2,2,1.0,1,3,4,3,1,0,0,1,7,7.9,2025-02-06
Rui Hachimura,LAL,GSW,W,38.72,4,9,0.444,1,5,0.2,2,4,0.5,0,4,4,3,0,0,0,3,11,7.6,2025-02-06
DeAndre Jordan,DEN,ORL,W,12.05,4,4,1.0,0,0,0.0,0,0,0.0,3,4,7,1,0,0,3,1,8,7.4,2025-02-06
Derrick Jones Jr.,LAC,IND,L,27.42,5,10,0.5,2,5,0.4,0,0,0.0,2,2,4,1,1,0,3,2,12,6.9,2025-02-06
Brandin Podziemski,GSW,LAL,L,34.45,3,10,0.3,0,3,0.0,2,6,0.333,2,6,8,7,0,0,1,2,8,6.9,2025-02-06
Jaden McDaniels,MIN,HOU,W,30.62,6,15,0.4,0,4,0.0,0,0,0.0,5,3,8,4,0,1,3,5,12,6.8,2025-02-06
Anthony Black,ORL,DEN,L,26.25,2,6,0.333,0,3,0.0,4,5,0.8,1,0,1,4,2,0,3,1,8,6.3,2025-02-06
Kessler Edwards,DAL,BOS,W,14.63,1,1,1.0,0,0,0.0,1,1,1.0,0,3,3,3,0,1,0,2,3,5.6,2025-02-06
Dorian Finney-Smith,LAL,GSW,W,33.45,3,6,0.5,1,4,0.25,0,0,0.0,0,1,1,3,2,0,2,2,7,5.6,2025-02-06
Keon Ellis,SAC,POR,L,23.57,2,4,0.5,1,2,0.5,2,2,1.0,0,3,3,0,2,0,2,1,7,5.5,2025-02-06
Scoot Henderson,POR,SAC,W,21.72,2,5,0.4,1,3,0.333,0,0,0.0,0,1,1,8,2,0,4,2,5,5.4,2025-02-06
Tristan Da Silva,ORL,DEN,L,18.15,2,6,0.333,1,4,0.25,2,2,1.0,1,1,2,0,0,1,0,0,7,5.3,2025-02-06
Drew Peterson,BOS,DAL,L,9.58,1,1,1.0,1,1,1.0,0,0,0.0,0,1,1,3,0,0,0,0,3,5.1,2025-02-06
Aaron Nesmith,IND,LAC,W,20.5,0,3,0.0,0,2,0.0,4,4,1.0,0,3,3,3,0,0,0,0,4,4.9,2025-02-06
Jalen Pickett,DEN,ORL,W,31.05,2,6,0.333,1,3,0.333,0,0,0.0,0,3,3,5,0,1,1,2,5,4.9,2025-02-06
Jonas Valančiūnas,SAC,POR,L,17.37,2,8,0.25,0,0,0.0,2,2,1.0,2,3,5,3,0,0,0,2,6,4.8,2025-02-06
Neemias Queta,BOS,DAL,L,9.58,3,6,0.5,0,0,0.0,0,0,0.0,2,0,2,1,0,0,0,1,6,4.7,2025-02-06
Drew Eubanks,LAC,IND,L,13.18,2,3,0.667,0,0,0.0,0,0,0.0,2,3,5,0,0,0,0,1,4,4.6,2025-02-06
Sam Hauser,BOS,DAL,L,20.7,2,5,0.4,2,5,0.4,0,0,0.0,0,1,1,2,0,0,0,1,6,4.6,2025-02-06
Kevon Looney,GSW,LAL,L,11.92,2,3,0.667,0,0,0.0,0,0,0.0,2,1,3,2,0,0,0,3,4,4.6,2025-02-06
Quinten Post,GSW,LAL,L,11.27,2,5,0.4,2,5,0.4,0,0,0.0,0,2,2,2,0,0,0,2,6,4.5,2025-02-06
Deni Avdija,POR,SAC,W,17.7,3,6,0.5,2,4,0.5,1,2,0.5,0,4,4,0,0,0,2,2,9,4.0,2025-02-06
Goga Bitadze,ORL,DEN,L,17.27,2,2,1.0,0,0,0.0,0,0,0.0,1,2,3,0,0,1,1,1,4,4.0,2025-02-06
Terrence Shannon Jr. ,MIN,HOU,W,6.57,2,4,0.5,1,2,0.5,0,0,0.0,0,0,0,1,0,0,0,0,5,3.7,2025-02-06
Jordan Walsh,BOS,DAL,L,9.58,1,2,0.5,0,1,0.0,0,0,0.0,1,2,3,2,1,0,1,0,2,3.7,2025-02-06
Dalano Banton,POR,SAC,W,9.9,2,3,0.667,0,0,0.0,0,0,0.0,0,3,3,0,0,0,0,0,4,3.6,2025-02-06
Christian Koloko,LAL,GSW,W,3.83,2,2,1.0,0,0,0.0,0,0,0.0,0,2,2,0,0,0,0,1,4,3.6,2025-02-06
Trevelin Queen,ORL,DEN,L,11.25,1,8,0.125,0,4,0.0,2,2,1.0,3,2,5,2,2,0,1,1,4,3.5,2025-02-06
T.J. McConnell,IND,LAC,W,14.9,2,8,0.25,1,2,0.5,0,0,0.0,1,2,3,6,1,0,3,1,5,3.3,2025-02-06
Rob Dillingham,MIN,HOU,W,13.03,3,5,0.6,0,2,0.0,0,0,0.0,0,0,0,0,1,0,1,2,6,2.9,2025-02-06
Shake Milton,LAL,GSW,W,15.22,1,3,0.333,0,0,0.0,0,0,0.0,0,3,3,2,1,1,1,1,2,2.9,2025-02-06
Jae'Sean Tate,HOU,MIN,L,10.52,0,1,0.0,0,1,0.0,0,0,0.0,1,2,3,3,1,0,0,2,0,2.9,2025-02-06
Nickeil Alexander-Walker,MIN,HOU,W,32.08,1,4,0.25,0,1,0.0,0,0,0.0,0,3,3,2,1,0,0,1,2,2.5,2025-02-06
Toumani Camara,POR,SAC,W,35.93,2,13,0.154,0,4,0.0,0,0,0.0,5,9,14,2,1,1,1,4,4,2.4,2025-02-06
Donovan Clingan,POR,SAC,W,16.88,1,2,0.5,0,0,0.0,0,2,0.0,2,5,7,1,0,1,1,3,2,2.3,2025-02-06
Kris Dunn,LAC,IND,L,22.27,0,5,0.0,0,1,0.0,1,2,0.5,1,5,6,5,1,1,1,3,1,2.3,2025-02-06
Trey Lyles,SAC,POR,L,13.68,1,3,0.333,0,1,0.0,0,0,0.0,0,2,2,1,1,0,0,1,2,2.2,2025-02-06
Olivier-Maxence Prosper,DAL,BOS,W,14.22,0,3,0.0,0,1,0.0,0,0,0.0,1,0,1,2,3,0,0,2,0,2.2,2025-02-06
Al Horford,BOS,DAL,L,20.88,1,4,0.25,1,3,0.333,0,0,0.0,0,5,5,1,0,0,1,0,3,1.8,2025-02-06
Andrew Nembhard,IND,LAC,W,31.08,2,9,0.222,0,3,0.0,0,0,0.0,2,1,3,2,2,0,1,2,4,1.8,2025-02-06
Hunter Tyson,DEN,ORL,W,10.63,2,4,0.5,2,4,0.5,1,2,0.5,0,2,2,0,0,0,3,1,7,1.8,2025-02-06
Trey Alexander,DEN,ORL,W,4.83,1,1,1.0,0,0,0.0,0,0,0.0,0,0,0,0,0,0,0,1,2,1.3,2025-02-06
Nicolas Batum,LAC,IND,L,11.73,0,2,0.0,0,2,0.0,0,0,0.0,1,1,2,0,1,1,0,0,0,1.3,2025-02-06
Gary Payton II,GSW,LAL,L,8.08,1,4,0.25,0,3,0.0,1,1,1.0,0,1,1,1,1,0,1,1,3,1.2,2025-02-06
Reed Sheppard,HOU,MIN,L,17.28,1,5,0.2,1,5,0.2,0,0,0.0,1,1,2,2,2,1,3,2,3,1.2,2025-02-06
Zeke Nnaji,DEN,ORL,W,20.57,1,7,0.143,1,4,0.25,0,0,0.0,2,4,6,0,1,1,1,2,3,1.0,2025-02-06
Jett Howard,ORL,DEN,L,14.2,1,4,0.25,1,3,0.333,0,0,0.0,0,2,2,1,0,0,1,0,3,0.9,2025-02-06
Luka Garza,MIN,HOU,W,2.0,0,0,0.0,0,0,0.0,0,0,0.0,1,1,2,0,0,0,0,1,0,0.6,2025-02-06
Trayce Jackson-Davis,GSW,LAL,L,4.67,0,0,0.0,0,0,0.0,0,0,0.0,0,0,0,0,1,0,0,1,0,0.6,2025-02-06
Jonathan Isaac,ORL,DEN,L,11.75,0,3,0.0,0,2,0.0,0,0,0.0,0,4,4,0,0,2,0,0,0,0.5,2025-02-06
Caleb Houstan,ORL,DEN,L,7.47,0,1,0.0,0,1,0.0,1,2,0.5,0,1,1,0,0,0,0,0,1,0.2,2025-02-06
Devin Carter,SAC,POR,L,8.32,0,2,0.0,0,1,0.0,0,0,0.0,0,1,1,0,1,0,0,0,0,-0.1,2025-02-06
Cole Anthony,ORL,DEN,L,21.75,2,8,0.25,0,2,0.0,1,2,0.5,1,1,2,3,1,0,3,3,5,-0.3,2025-02-06
Spencer Jones,DEN,ORL,W,4.83,0,1,0.0,0,0,0.0,0,0,0.0,1,0,1,0,0,0,0,1,0,-0.4,2025-02-06
Kris Murray,POR,SAC,W,4.83,0,2,0.0,0,1,0.0,0,0,0.0,0,0,0,1,0,0,0,0,0,-0.7,2025-02-06
PJ Hall,DEN,ORL,W,4.83,0,2,0.0,0,1,0.0,0,0,0.0,1,1,2,0,0,0,0,1,0,-0.8,2025-02-06
Jackson Rowe,GSW,LAL,L,15.48,0,5,0.0,0,4,0.0,0,0,0.0,0,1,1,2,1,0,0,2,0,-1.6,2025-02-06
Myles Turner,IND,LAC,W,5.78,0,4,0.0,0,2,0.0,0,0,0.0,0,0,0,0,1,0,0,0,0,-1.8,2025-02-06
Julian Strawther,DEN,ORL,W,31.08,1,8,0.125,0,4,0.0,0,0,0.0,1,2,3,3,1,0,2,4,2,-2.4,2025-02-06
Devin Booker,PHO,UTA,W,48.87,18,33,0.545,3,10,0.3,8,9,0.889,1,5,6,11,1,0,4,4,47,36.0,2025-02-07
Jordan Poole,WAS,CLE,L,37.25,16,32,0.5,4,17,0.235,9,11,0.818,2,2,4,5,1,0,3,3,45,30.5,2025-02-07
Walker Kessler,UTA,PHO,L,37.85,9,17,0.529,0,0,0.0,1,1,1.0,9,13,22,4,1,3,1,1,19,25.4,2025-02-07
Malik Beasley,DET,PHI,W,37.98,13,23,0.565,9,19,0.474,1,3,0.333,2,1,3,1,0,0,1,1,36,25.3,2025-02-07
Stephon Castle,SAS,CHO,L,31.1,10,15,0.667,3,5,0.6,10,11,0.909,1,3,4,2,0,0,4,2,33,24.3,2025-02-07
Bobby Portis,MIL,ATL,L,37.65,10,20,0.5,4,8,0.5,2,2,1.0,1,14,15,6,1,1,2,2,26,24.0,2025-02-07
Shai Gilgeous-Alexander,OKC,TOR,W,29.13,5,12,0.417,1,6,0.167,14,14,1.0,1,3,4,6,1,0,2,1,25,23.0,2025-02-07
Miles Bridges,CHO,SAS,W,34.68,10,18,0.556,3,6,0.5,2,2,1.0,1,6,7,2,1,1,0,0,25,22.0,2025-02-07
Evan Mobley,CLE,WAS,W,33.62,10,16,0.625,0,3,0.0,7,8,0.875,2,5,7,1,1,1,3,1,27,21.3,2025-02-07
Donovan Mitchell,CLE,WAS,W,34.13,12,26,0.462,4,11,0.364,5,5,1.0,0,1,1,5,2,0,3,3,33,21.2,2025-02-07
De'Aaron Fox,SAS,CHO,L,32.53,9,17,0.529,2,5,0.4,2,4,0.5,0,2,2,6,4,0,0,3,22,20.5,2025-02-07
Damian Lillard,MIL,ATL,L,34.87,7,19,0.368,4,13,0.308,5,5,1.0,3,6,9,10,0,0,3,1,23,20.0,2025-02-07
Tyrese Maxey,PHI,DET,L,38.6,9,20,0.45,4,10,0.4,5,6,0.833,1,2,3,7,2,0,4,2,27,19.6,2025-02-07
Grayson Allen,PHO,UTA,W,35.67,7,19,0.368,7,14,0.5,0,0,0.0,2,5,7,6,2,1,0,2,21,19.5,2025-02-07
Tobias Harris,DET,PHI,W,33.78,8,16,0.5,0,0,0.0,6,6,1.0,4,5,9,3,1,0,2,0,22,19.4,2025-02-07
Mouhamed Gueye,ATL,MIL,W,22.9,6,11,0.545,1,5,0.2,2,2,1.0,2,10,12,0,2,4,0,1,15,18.5,2025-02-07
Jalen Williams,OKC,TOR,W,33.18,9,19,0.474,1,3,0.333,8,10,0.8,1,4,5,4,0,0,3,1,27,17.8,2025-02-07
Trae Young,ATL,MIL,W,34.92,9,22,0.409,2,8,0.25,4,5,0.8,0,3,3,7,2,0,2,1,24,17.2,2025-02-07
Alex Caruso,OKC,TOR,W,20.3,5,7,0.714,2,4,0.5,0,0,0.0,1,5,6,4,3,1,0,2,12,17.0,2025-02-07
Joel Embiid,PHI,DET,L,29.8,7,18,0.389,1,4,0.25,8,10,0.8,0,7,7,6,0,2,2,3,23,16.9,2025-02-07
Darius Garland,CLE,WAS,W,31.95,8,15,0.533,5,8,0.625,2,3,0.667,2,3,5,5,1,0,4,3,23,16.9,2025-02-07
Nick Richards,PHO,UTA,W,23.28,4,7,0.571,0,0,0.0,4,4,1.0,5,9,14,0,0,4,0,2,12,16.9,2025-02-07
Gary Trent Jr.,MIL,ATL,L,28.92,7,12,0.583,5,8,0.625,0,0,0.0,0,0,0,4,3,0,1,4,19,16.6,2025-02-07
John Collins,UTA,PHO,L,38.67,7,18,0.389,3,7,0.429,4,4,1.0,3,3,6,2,1,2,1,2,21,16.2,2025-02-07
Ausar Thompson,DET,PHI,W,27.45,5,7,0.714,0,0,0.0,4,6,0.667,2,6,8,6,1,0,1,4,14,16.1,2025-02-07
Richaun Holmes,WAS,CLE,L,31.08,4,7,0.571,0,0,0.0,4,6,0.667,6,6,12,3,0,1,0,2,12,15.9,2025-02-07
Cameron Johnson,BRK,MIA,W,29.98,6,12,0.5,3,6,0.5,3,4,0.75,2,4,6,3,0,1,1,1,18,15.6,2025-02-07
Jalen Duren,DET,PHI,W,19.77,5,7,0.714,0,0,0.0,3,3,1.0,5,8,13,7,1,0,4,6,13,15.5,2025-02-07
Kelly Oubre Jr.,PHI,DET,L,35.88,7,11,0.636,0,1,0.0,0,0,0.0,2,9,11,2,1,1,0,2,14,15.5,2025-02-07
Nick Smith Jr.,CHO,SAS,W,33.98,8,13,0.615,2,5,0.4,1,1,1.0,1,5,6,5,0,0,3,1,19,15.4,2025-02-07
Aaron Wiggins,OKC,TOR,W,33.18,7,14,0.5,1,5,0.2,3,3,1.0,1,2,3,2,1,1,0,0,18,15.4,2025-02-07
Scottie Barnes,TOR,OKC,L,34.4,8,20,0.4,4,6,0.667,1,2,0.5,2,3,5,4,3,4,5,1,21,15.3,2025-02-07
Max Strus,CLE,WAS,W,31.0,6,11,0.545,5,9,0.556,0,0,0.0,1,4,5,3,0,0,0,1,17,15.3,2025-02-07
Gradey Dick,TOR,OKC,L,27.82,5,9,0.556,2,3,0.667,5,6,0.833,3,4,7,1,0,1,1,2,17,15.2,2025-02-07
Dyson Daniels,ATL,MIL,W,38.17,5,12,0.417,1,2,0.5,4,7,0.571,0,6,6,10,1,0,2,1,15,14.8,2025-02-07
Bilal Coulibaly,WAS,CLE,L,41.92,6,12,0.5,2,4,0.5,2,6,0.333,3,3,6,4,3,0,2,2,16,14.4,2025-02-07
Tyus Jones,PHO,UTA,W,38.33,4,13,0.308,4,11,0.364,4,4,1.0,0,6,6,6,1,1,2,0,16,14.2,2025-02-07
Jarrett Allen,CLE,WAS,W,26.98,4,7,0.571,0,0,0.0,4,4,1.0,2,10,12,4,0,2,2,3,12,14.1,2025-02-07
LaMelo Ball,CHO,SAS,W,36.18,9,26,0.346,4,11,0.364,2,2,1.0,1,3,4,10,0,0,3,3,24,13.8,2025-02-07
Isaiah Collier,UTA,PHO,L,34.98,7,15,0.467,1,4,0.25,0,0,0.0,0,4,4,13,1,0,4,2,15,13.8,2025-02-07
Kyshawn George,WAS,CLE,L,34.95,6,11,0.545,4,6,0.667,1,2,0.5,1,4,5,2,3,0,2,5,17,13.6,2025-02-07
Kyle Filipowski,UTA,PHO,L,15.13,5,10,0.5,1,3,0.333,0,1,0.0,8,3,11,1,0,1,0,0,11,13.5,2025-02-07
Isaiah Joe,OKC,TOR,W,25.17,6,7,0.857,4,5,0.8,0,0,0.0,1,1,2,1,0,0,1,2,16,13.4,2025-02-07
Moussa Diabaté,CHO,SAS,W,33.22,4,10,0.4,0,0,0.0,1,1,1.0,7,8,15,6,0,0,1,2,9,13.3,2025-02-07
Victor Wembanyama,SAS,CHO,L,33.63,7,20,0.35,1,9,0.111,1,1,1.0,3,8,11,3,0,5,1,2,16,13.1,2025-02-07
Terry Rozier,MIA,BRK,L,31.23,6,15,0.4,4,8,0.5,4,5,0.8,1,3,4,2,1,1,2,3,20,13.0,2025-02-07
Bam Adebayo,MIA,BRK,L,36.72,7,14,0.5,1,3,0.333,3,4,0.75,1,7,8,1,0,2,1,4,18,12.9,2025-02-07
Nic Claxton,BRK,MIA,W,30.87,6,12,0.5,0,0,0.0,0,0,0.0,4,6,10,1,2,4,2,3,12,12.9,2025-02-07
Kel'el Ware,MIA,BRK,L,26.03,4,12,0.333,0,2,0.0,2,2,1.0,5,9,14,4,1,1,1,0,10,12.9,2025-02-07
Lauri Markkanen,UTA,PHO,L,39.52,7,16,0.438,2,7,0.286,4,4,1.0,1,6,7,1,1,0,2,3,20,12.6,2025-02-07
Onyeka Okongwu,ATL,MIL,W,27.95,6,12,0.5,0,1,0.0,2,2,1.0,6,6,12,2,0,0,2,2,14,12.6,2025-02-07
Isaiah Hartenstein,OKC,TOR,W,25.98,6,7,0.857,0,0,0.0,0,2,0.0,1,5,6,2,2,0,1,2,12,12.5,2025-02-07
Jeremy Sochan,SAS,CHO,L,23.55,4,8,0.5,0,0,0.0,3,3,1.0,5,7,12,2,0,0,1,2,11,12.2,2025-02-07
Bol Bol,PHO,UTA,W,24.22,5,8,0.625,2,5,0.4,0,0,0.0,0,3,3,1,0,3,0,0,12,12.1,2025-02-07
Royce O'Neale,PHO,UTA,W,30.42,4,11,0.364,4,11,0.364,0,0,0.0,0,3,3,4,0,4,0,2,12,11.6,2025-02-07
Justin Edwards,PHI,DET,L,29.7,4,6,0.667,3,4,0.75,0,0,0.0,1,2,3,1,2,0,1,1,11,11.0,2025-02-07
Keyonte George,UTA,PHO,L,35.48,6,16,0.375,2,9,0.222,4,4,1.0,0,3,3,4,0,1,1,4,18,11.0,2025-02-07
Quentin Grimes,PHI,DET,L,28.02,5,9,0.556,2,5,0.4,2,2,1.0,1,1,2,2,0,1,1,2,14,11.0,2025-02-07
Vit Krejci,ATL,MIL,W,31.03,4,7,0.571,3,6,0.5,0,2,0.0,1,9,10,3,0,0,1,1,11,11.0,2025-02-07
Trendon Watford,BRK,MIA,W,22.13,6,11,0.545,0,1,0.0,0,0,0.0,0,4,4,3,1,1,1,0,12,10.7,2025-02-07
Jamison Battle,TOR,OKC,L,14.93,4,5,0.8,3,4,0.75,0,0,0.0,0,2,2,1,1,0,0,2,11,10.6,2025-02-07
Ziaire Williams,BRK,MIA,W,32.47,3,6,0.5,2,5,0.4,0,0,0.0,2,7,9,3,2,0,2,0,8,10.6,2025-02-07
Jaylon Tyson,CLE,WAS,W,20.47,2,2,1.0,0,0,0.0,3,3,1.0,4,1,5,3,1,0,1,3,7,10.4,2025-02-07
Isaiah Stewart,DET,PHI,W,21.53,3,7,0.429,1,1,1.0,3,4,0.75,5,3,8,2,0,1,1,3,10,10.2,2025-02-07
Jonathan Mogbo,TOR,OKC,L,27.95,4,8,0.5,2,2,1.0,0,0,0.0,0,4,4,3,2,0,0,4,10,9.7,2025-02-07
Day'Ron Sharpe,BRK,MIA,W,17.13,4,6,0.667,0,0,0.0,1,1,1.0,2,4,6,2,0,2,1,3,9,9.6,2025-02-07
Keon Johnson,BRK,MIA,W,23.27,4,12,0.333,1,5,0.2,2,2,1.0,3,5,8,1,1,2,1,1,11,9.5,2025-02-07
Brook Lopez,MIL,ATL,L,34.52,7,15,0.467,1,5,0.2,1,1,1.0,0,2,2,2,1,2,2,3,16,9.5,2025-02-07
KJ Simpson,CHO,SAS,W,19.23,5,9,0.556,2,4,0.5,0,0,0.0,0,3,3,3,0,0,0,3,12,9.5,2025-02-07
Seth Curry,CHO,SAS,W,21.38,4,8,0.5,4,6,0.667,0,0,0.0,0,4,4,2,1,0,1,3,12,9.4,2025-02-07
Chris Paul,SAS,CHO,L,26.93,2,4,0.5,2,4,0.5,0,0,0.0,0,1,1,7,1,0,0,2,6,9.4,2025-02-07
Devin Vassell,SAS,CHO,L,34.43,5,13,0.385,4,7,0.571,1,2,0.5,1,3,4,1,1,0,1,1,15,9.4,2025-02-07
Ty Jerome,CLE,WAS,W,25.17,5,12,0.417,2,5,0.4,1,1,1.0,1,4,5,3,1,0,1,4,13,9.0,2025-02-07
Larry Nance Jr.,ATL,MIL,W,20.05,4,8,0.5,3,4,0.75,0,0,0.0,0,1,1,4,1,0,1,3,11,8.9,2025-02-07
D'Angelo Russell,BRK,MIA,W,26.25,5,15,0.333,3,10,0.3,4,5,0.8,0,2,2,1,2,1,2,3,17,8.9,2025-02-07
Ja'Kobe Walter,TOR,OKC,L,22.5,5,9,0.556,2,5,0.4,0,1,0.0,1,1,2,1,1,1,1,2,12,8.9,2025-02-07
Craig Porter Jr.,CLE,WAS,W,22.77,1,3,0.333,0,0,0.0,0,0,0.0,2,2,4,5,3,0,0,0,2,8.8,2025-02-07
Harrison Barnes,SAS,CHO,L,22.3,4,9,0.444,0,4,0.0,0,0,0.0,3,1,4,2,1,0,0,0,8,8.1,2025-02-07
Paul George,PHI,DET,L,30.1,6,10,0.6,2,3,0.667,0,0,0.0,0,1,1,0,1,0,1,4,14,8.1,2025-02-07
Carlton Carrington,WAS,CLE,L,35.82,5,9,0.556,3,6,0.5,0,0,0.0,1,3,4,3,0,0,4,1,13,8.0,2025-02-07
Orlando Robinson,TOR,OKC,L,17.3,2,6,0.333,0,1,0.0,2,2,1.0,3,2,5,4,0,0,0,1,6,7.7,2025-02-07
Svi Mykhailiuk,UTA,PHO,L,23.27,2,9,0.222,2,8,0.25,3,4,0.75,2,1,3,3,1,0,0,1,9,7.5,2025-02-07
Zaccharie Risacher,ATL,MIL,W,20.48,6,10,0.6,1,4,0.25,0,0,0.0,1,2,3,0,0,0,1,3,13,7.5,2025-02-07
Ochai Agbaji,TOR,OKC,L,29.75,2,10,0.2,1,7,0.143,3,4,0.75,2,6,8,1,2,0,0,1,8,6.9,2025-02-07
Tidjane Salaün,CHO,SAS,W,17.98,3,4,0.75,2,2,1.0,0,0,0.0,1,4,5,0,0,1,1,3,8,6.8,2025-02-07
Chris Boucher,TOR,OKC,L,15.35,4,9,0.444,3,7,0.429,0,0,0.0,1,1,2,0,0,0,0,3,11,6.1,2025-02-07
Chet Holmgren,OKC,TOR,W,22.03,2,5,0.4,0,1,0.0,0,0,0.0,0,5,5,1,2,4,1,3,4,6.1,2025-02-07
Tristan Vukcevic,WAS,CLE,L,16.42,3,7,0.429,1,3,0.333,0,0,0.0,0,4,4,4,1,0,1,3,7,6.1,2025-02-07
Corey Kispert,WAS,CLE,L,27.85,4,10,0.4,2,5,0.4,0,0,0.0,3,1,4,0,0,0,1,0,10,6.0,2025-02-07
Dominick Barlow,ATL,MIL,W,20.17,3,4,0.75,1,2,0.5,0,0,0.0,1,3,4,0,0,1,1,2,7,5.9,2025-02-07
Simone Fontecchio,DET,PHI,W,18.83,3,10,0.3,2,8,0.25,2,2,1.0,1,4,5,2,0,1,2,1,10,5.8,2025-02-07
Immanuel Quickley,TOR,OKC,L,27.52,2,5,0.4,1,3,0.333,1,2,0.5,2,2,4,10,0,0,5,3,6,5.7,2025-02-07
Marcus Sasser,DET,PHI,W,28.25,3,9,0.333,2,5,0.4,1,2,0.5,0,0,0,5,2,0,2,4,9,5.4,2025-02-07
Mason Plumlee,PHO,UTA,W,29.7,0,1,0.0,0,0,0.0,2,2,1.0,2,4,6,1,2,1,1,3,2,5.1,2025-02-07
Taurean Prince,MIL,ATL,L,30.82,4,7,0.571,1,4,0.25,0,0,0.0,0,1,1,1,0,0,0,4,9,5.1,2025-02-07
Jaime Jaquez Jr.,MIA,BRK,L,18.57,2,6,0.333,1,3,0.333,0,0,0.0,2,1,3,3,0,0,0,1,5,5.0,2025-02-07
Tim Hardaway Jr.,DET,PHI,W,30.8,2,9,0.222,2,8,0.25,0,0,0.0,0,5,5,3,0,1,0,0,6,4.8,2025-02-07
Kyle Lowry,PHI,DET,L,14.98,0,1,0.0,0,0,0.0,2,2,1.0,1,1,2,3,0,1,0,1,2,4.7,2025-02-07
Jalen Wilson,BRK,MIA,W,17.08,3,8,0.375,1,4,0.25,1,2,0.5,4,0,4,0,0,0,1,1,8,4.6,2025-02-07
Tosan Evbuomwan,BRK,MIA,W,20.12,1,6,0.167,0,2,0.0,3,4,0.75,1,2,3,2,0,2,0,1,5,4.5,2025-02-07
Taj Gibson,CHO,SAS,W,13.3,2,4,0.5,0,0,0.0,0,0,0.0,2,2,4,0,1,1,0,3,4,4.5,2025-02-07
Kyle Kuzma,MIL,ATL,L,23.95,4,13,0.308,3,8,0.375,1,2,0.5,0,7,7,1,0,0,2,1,12,4.5,2025-02-07
Ricky Council IV,PHI,DET,L,2.18,1,1,1.0,1,1,1.0,0,0,0.0,0,0,0,1,1,0,0,0,3,4.4,2025-02-07
Ryan Dunn,PHO,UTA,W,14.57,2,4,0.5,1,2,0.5,1,2,0.5,1,2,3,0,0,1,0,3,6,4.4,2025-02-07
Andre Drummond,PHI,DET,L,7.68,1,2,0.5,0,0,0.0,0,0,0.0,1,3,4,2,0,1,0,1,2,4.3,2025-02-07
Duncan Robinson,MIA,BRK,L,29.1,4,11,0.364,2,6,0.333,0,0,0.0,0,0,0,1,2,0,2,1,10,4.2,2025-02-07
Jaylin Williams,OKC,TOR,W,17.45,2,5,0.4,0,3,0.0,0,0,0.0,2,4,6,3,0,1,2,2,4,3.9,2025-02-07
Monte Morris,PHO,UTA,W,14.65,2,5,0.4,1,2,0.5,0,0,0.0,0,0,0,2,0,0,0,0,5,3.7,2025-02-07
Tyler Herro,MIA,BRK,L,37.78,6,22,0.273,2,11,0.182,1,1,1.0,1,3,4,6,1,0,4,3,15,3.6,2025-02-07
Nikola Jović,MIA,BRK,L,31.73,3,8,0.375,2,5,0.4,0,0,0.0,0,1,1,4,2,0,4,3,8,3.5,2025-02-07
Jamal Shead,TOR,OKC,L,22.48,3,10,0.3,1,3,0.333,0,2,0.0,0,3,3,6,0,0,0,5,7,3.5,2025-02-07
Ryan Rollins,MIL,ATL,L,12.73,1,4,0.25,1,1,1.0,0,0,0.0,1,3,4,1,0,0,0,0,3,2.9,2025-02-07
DaQuan Jeffries,CHO,SAS,W,29.98,2,9,0.222,0,4,0.0,0,0,0.0,3,2,5,5,1,1,2,4,4,2.8,2025-02-07
Andre Jackson Jr.,MIL,ATL,L,15.8,0,1,0.0,0,1,0.0,0,0,0.0,2,2,4,2,0,0,0,0,0,2.7,2025-02-07
Keaton Wallace,ATL,MIL,W,18.5,1,4,0.25,1,3,0.333,0,0,0.0,0,1,1,3,0,1,1,0,3,2.7,2025-02-07
Haywood Highsmith,MIA,BRK,L,18.18,0,2,0.0,0,2,0.0,0,0,0.0,0,3,3,1,2,1,0,1,0,2.5,2025-02-07
Julian Champagnie,SAS,CHO,L,19.22,1,3,0.333,0,2,0.0,1,1,1.0,0,0,0,2,1,0,1,1,3,2.3,2025-02-07
AJ Johnson,WAS,CLE,L,8.83,1,4,0.25,0,2,0.0,0,0,0.0,0,1,1,4,0,0,0,1,2,2.3,2025-02-07
Micah Potter,UTA,PHO,L,11.45,1,2,0.5,1,2,0.5,0,0,0.0,1,2,3,1,0,0,1,2,3,2.2,2025-02-07
Brice Sensabaugh,UTA,PHO,L,12.72,1,5,0.2,0,3,0.0,2,2,1.0,1,2,3,0,0,0,0,0,4,2.2,2025-02-07
Branden Carlson,OKC,TOR,W,1.77,1,1,1.0,0,0,0.0,0,0,0.0,0,1,1,0,0,0,0,0,2,2.0,2025-02-07
Ron Holland,DET,PHI,W,14.55,1,5,0.2,1,3,0.333,0,0,0.0,0,1,1,2,1,0,0,2,3,1.8,2025-02-07
Johnny Juzang,UTA,PHO,L,15.93,3,9,0.333,1,5,0.2,0,0,0.0,0,1,1,0,0,0,0,1,7,1.8,2025-02-07
Paul Reed,DET,PHI,W,6.7,1,4,0.25,0,0,0.0,0,0,0.0,2,2,4,1,1,1,1,3,2,1.8,2025-02-07
Anthony Gill,WAS,CLE,L,5.85,1,2,0.5,0,1,0.0,0,0,0.0,0,0,0,0,0,1,0,0,2,1.7,2025-02-07
Tristan Thompson,CLE,WAS,W,8.73,0,0,0.0,0,0,0.0,0,0,0.0,1,1,2,1,0,0,0,0,0,1.7,2025-02-07
Dillon Jones,OKC,TOR,W,9.02,0,2,0.0,0,1,0.0,1,2,0.5,0,2,2,1,1,0,0,1,1,1.1,2025-02-07
Garrison Mathews,ATL,MIL,W,5.83,1,2,0.5,0,1,0.0,0,0,0.0,0,0,0,0,0,0,0,0,2,1.0,2025-02-07
Damion Lee,PHO,UTA,W,5.3,1,3,0.333,0,1,0.0,0,0,0.0,1,0,1,0,0,0,0,1,2,0.6,2025-02-07
Adem Bona,PHI,DET,L,10.52,1,1,1.0,0,0,0.0,0,0,0.0,0,1,1,0,0,1,1,3,2,0.5,2025-02-07
Pelle Larsson,MIA,BRK,L,10.65,0,0,0.0,0,0,0.0,0,0,0.0,1,1,2,1,0,0,0,3,0,0.5,2025-02-07
Chuma Okeke,PHI,DET,L,2.18,0,0,0.0,0,0,0.0,0,0,0.0,0,1,1,0,0,0,0,0,0,0.3,2025-02-07
Adam Flagler,OKC,TOR,W,1.77,0,0,0.0,0,0,0.0,0,0,0.0,0,0,0,0,0,0,0,0,0,0.0,2025-02-07
Daniss Jenkins,DET,PHI,W,0.35,0,0,0.0,0,0,0.0,0,0,0.0,0,0,0,0,0,0,0,0,0,0.0,2025-02-07
Keldon Johnson,SAS,CHO,L,16.28,0,3,0.0,0,3,0.0,2,2,1.0,0,0,0,0,0,0,0,0,2,-0.1,2025-02-07
Alex Ducas,OKC,TOR,W,4.32,0,0,0.0,0,0,0.0,0,0,0.0,1,0,1,0,0,0,1,0,0,-0.3,2025-02-07
Emoni Bates,CLE,WAS,W,5.18,0,2,0.0,0,2,0.0,0,0,0.0,0,0,0,2,0,0,0,2,0,-0.8,2025-02-07
A.J. Green,MIL,ATL,L,20.75,1,5,0.2,0,2,0.0,0,0,0.0,0,1,1,1,0,0,0,2,2,-0.9,2025-02-07
Kenrich Williams,OKC,TOR,W,16.7,0,5,0.0,0,3,0.0,0,0,0.0,2,1,3,2,0,0,1,0,0,-1.4,2025-02-07
Tyrese Martin,BRK,MIA,W,20.7,1,5,0.2,0,4,0.0,0,0,0.0,0,5,5,1,0,0,3,2,2,-2.7,2025-02-07
Eric Gordon,PHI,DET,L,10.35,0,4,0.0,0,3,0.0,0,0,0.0,0,3,3,2,0,0,3,1,0,-3.9,2025-02-07
